YT8HEJJ4E3AEP8J6HR,https://apps.apple.com/redeem?ctx=offercodes&id=6760590018&code=YT8HEJJ4E3AEP8J6HR - Larissa, o UGC tá usando
YXKXA4YJ3L6TJ3YY84,https://apps.apple.com/redeem?ctx=offercodes&id=6760590018&code=YXKXA4YJ3L6TJ3YY84
4AFRLLHP8XP33F7KWA,https://apps.apple.com/redeem?ctx=offercodes&id=6760590018&code=4AFRLLHP8XP33F7KWA
X8N3MYH3YAK47XTRAT,https://apps.apple.com/redeem?ctx=offercodes&id=6760590018&code=X8N3MYH3YAK47XTRAT
YAMRFJ4RRHJNLPJJN7,https://apps.apple.com/redeem?ctx=offercodes&id=6760590018&code=YAMRFJ4RRHJNLPJJN7
8XNNNLP88RERHKMJ78,https://apps.apple.com/redeem?ctx=offercodes&id=6760590018&code=8XNNNLP88RERHKMJ78
NWLE4KMXT688AMTAN7,https://apps.apple.com/redeem?ctx=offercodes&id=6760590018&code=NWLE4KMXT688AMTAN7
KLRREHAJXR3YAMT34F,https://apps.apple.com/redeem?ctx=offercodes&id=6760590018&code=KLRREHAJXR3YAMT34F
34NXJR64WEMFNFHXHR,https://apps.apple.com/redeem?ctx=offercodes&id=6760590018&code=34NXJR64WEMFNFHXHR
TEL3EFT7NLLEWTNAKY,https://apps.apple.com/redeem?ctx=offercodes&id=6760590018&code=TEL3EFT7NLLEWTNAKY
HKAMNYPFLWE76A3HNW,https://apps.apple.com/redeem?ctx=offercodes&id=6760590018&code=HKAMNYPFLWE76A3HNW
4H3MWPXYJ88JE7NXJX,https://apps.apple.com/redeem?ctx=offercodes&id=6760590018&code=4H3MWPXYJ88JE7NXJX
TF34TL37EMNXJ8668X,https://apps.apple.com/redeem?ctx=offercodes&id=6760590018&code=TF34TL37EMNXJ8668X
Y3R43FT87ET4FMXJNA,https://apps.apple.com/redeem?ctx=offercodes&id=6760590018&code=Y3R43FT87ET4FMXJNA
T3LNYNRKNMJPAL3WWL,https://apps.apple.com/redeem?ctx=offercodes&id=6760590018&code=T3LNYNRKNMJPAL3WWL
4YNN78XRM4XL7FXWAE,https://apps.apple.com/redeem?ctx=offercodes&id=6760590018&code=4YNN78XRM4XL7FXWAE
J78PFFNMYYPL3EJ8YR,https://apps.apple.com/redeem?ctx=offercodes&id=6760590018&code=J78PFFNMYYPL3EJ8YR
TWFEKJLTMXPYNTKA73,https://apps.apple.com/redeem?ctx=offercodes&id=6760590018&code=TWFEKJLTMXPYNTKA73
6ANF4YTHX384KKH6JA,https://apps.apple.com/redeem?ctx=offercodes&id=6760590018&code=6ANF4YTHX384KKH6JA
AW4JJX6JKTKMYWN7AM,https://apps.apple.com/redeem?ctx=offercodes&id=6760590018&code=AW4JJX6JKTKMYWN7AM
7EYLXEPAAP3HAWRHHL,https://apps.apple.com/redeem?ctx=offercodes&id=6760590018&code=7EYLXEPAAP3HAWRHHL
F67L3FA86WPAPFMJH6,https://apps.apple.com/redeem?ctx=offercodes&id=6760590018&code=F67L3FA86WPAPFMJH6
RRL7PJN6AW646Y378Y,https://apps.apple.com/redeem?ctx=offercodes&id=6760590018&code=RRL7PJN6AW646Y378Y
JJK6R8H6A3XNJN3EPJ,https://apps.apple.com/redeem?ctx=offercodes&id=6760590018&code=JJK6R8H6A3XNJN3EPJ
E6WLFE6F3PFJ8YHEKM,https://apps.apple.com/redeem?ctx=offercodes&id=6760590018&code=E6WLFE6F3PFJ8YHEKM
KJJYNNXA38FERMLFRH,https://apps.apple.com/redeem?ctx=offercodes&id=6760590018&code=KJJYNNXA38FERMLFRH
7LARMFN888LLKKYNFM,https://apps.apple.com/redeem?ctx=offercodes&id=6760590018&code=7LARMFN888LLKKYNFM
4FML3TFKP6KNTEWHE8,https://apps.apple.com/redeem?ctx=offercodes&id=6760590018&code=4FML3TFKP6KNTEWHE8
8NNKYMAATT6F6YTNFT,https://apps.apple.com/redeem?ctx=offercodes&id=6760590018&code=8NNKYMAATT6F6YTNFT
JAXHN4KL6T46EMFH8W,https://apps.apple.com/redeem?ctx=offercodes&id=6760590018&code=JAXHN4KL6T46EMFH8W
H36A38T6R34RPKNX43,https://apps.apple.com/redeem?ctx=offercodes&id=6760590018&code=H36A38T6R34RPKNX43
6M73PY4LL4KW6YT8E3,https://apps.apple.com/redeem?ctx=offercodes&id=6760590018&code=6M73PY4LL4KW6YT8E3
N4NJPY6AK6J3M3H6WW,https://apps.apple.com/redeem?ctx=offercodes&id=6760590018&code=N4NJPY6AK6J3M3H6WW
JXWRJJHHAJ633HLE44,https://apps.apple.com/redeem?ctx=offercodes&id=6760590018&code=JXWRJJHHAJ633HLE44
NKTKHFL37EAH7MRAEF,https://apps.apple.com/redeem?ctx=offercodes&id=6760590018&code=NKTKHFL37EAH7MRAEF
HREXJYN778HKXFPKYN,https://apps.apple.com/redeem?ctx=offercodes&id=6760590018&code=HREXJYN778HKXFPKYN
TPWMRXT3WKYXX7H6PE,https://apps.apple.com/redeem?ctx=offercodes&id=6760590018&code=TPWMRXT3WKYXX7H6PE
MPP466R4K7RH6FWA7L,https://apps.apple.com/redeem?ctx=offercodes&id=6760590018&code=MPP466R4K7RH6FWA7L
TA8FJNMRXTFWEK3L4P,https://apps.apple.com/redeem?ctx=offercodes&id=6760590018&code=TA8FJNMRXTFWEK3L4P
R3AAHAW8WFT7AYHJL3,https://apps.apple.com/redeem?ctx=offercodes&id=6760590018&code=R3AAHAW8WFT7AYHJL3
E7A6E67YAPXHWLRLYL,https://apps.apple.com/redeem?ctx=offercodes&id=6760590018&code=E7A6E67YAPXHWLRLYL
L6LAKJ383J8J6NETEE,https://apps.apple.com/redeem?ctx=offercodes&id=6760590018&code=L6LAKJ383J8J6NETEE
MNRRLA4368W6R63PW4,https://apps.apple.com/redeem?ctx=offercodes&id=6760590018&code=MNRRLA4368W6R63PW4
76WFT6HK7JAPHAPKMH,https://apps.apple.com/redeem?ctx=offercodes&id=6760590018&code=76WFT6HK7JAPHAPKMH
JMFRHMLE3WWXYRK7F8,https://apps.apple.com/redeem?ctx=offercodes&id=6760590018&code=JMFRHMLE3WWXYRK7F8
NPEN4N64K4KJ7J6E7F,https://apps.apple.com/redeem?ctx=offercodes&id=6760590018&code=NPEN4N64K4KJ7J6E7F
438LTJEM43FAX7KAXY,https://apps.apple.com/redeem?ctx=offercodes&id=6760590018&code=438LTJEM43FAX7KAXY
LMJNLLHXYRNJEFHHYN,https://apps.apple.com/redeem?ctx=offercodes&id=6760590018&code=LMJNLLHXYRNJEFHHYN
YP3LL3M4KE433RWPAE,https://apps.apple.com/redeem?ctx=offercodes&id=6760590018&code=YP3LL3M4KE433RWPAE
L4XJ8NPT3FMMP74K8P,https://apps.apple.com/redeem?ctx=offercodes&id=6760590018&code=L4XJ8NPT3FMMP74K8P
FM3WPHR38MN4MKN86H,https://apps.apple.com/redeem?ctx=offercodes&id=6760590018&code=FM3WPHR38MN4MKN86H
MW6KNHNTTXTNRP37TJ,https://apps.apple.com/redeem?ctx=offercodes&id=6760590018&code=MW6KNHNTTXTNRP37TJ
RYTFAYJP8KNALJ7WMF,https://apps.apple.com/redeem?ctx=offercodes&id=6760590018&code=RYTFAYJP8KNALJ7WMF
ANAW7T8KJPJPKXMX7P,https://apps.apple.com/redeem?ctx=offercodes&id=6760590018&code=ANAW7T8KJPJPKXMX7P
MPE474Y3FXWH36RRW6,https://apps.apple.com/redeem?ctx=offercodes&id=6760590018&code=MPE474Y3FXWH36RRW6
W4X64KPKXMXLATRYNP,https://apps.apple.com/redeem?ctx=offercodes&id=6760590018&code=W4X64KPKXMXLATRYNP
3X7L7HFXATPN3WJ7HT,https://apps.apple.com/redeem?ctx=offercodes&id=6760590018&code=3X7L7HFXATPN3WJ7HT
EH644TPNL736NMK7A6,https://apps.apple.com/redeem?ctx=offercodes&id=6760590018&code=EH644TPNL736NMK7A6
XMMKEFTEJ6R7AXMKNF,https://apps.apple.com/redeem?ctx=offercodes&id=6760590018&code=XMMKEFTEJ6R7AXMKNF
4WEXP873MWRL8WYAFY,https://apps.apple.com/redeem?ctx=offercodes&id=6760590018&code=4WEXP873MWRL8WYAFY
FF6J8NALWWLT6AHEWP,https://apps.apple.com/redeem?ctx=offercodes&id=6760590018&code=FF6J8NALWWLT6AHEWP
NNN6N7PHYWA6PXNKR4,https://apps.apple.com/redeem?ctx=offercodes&id=6760590018&code=NNN6N7PHYWA6PXNKR4
HRX7TFLTRYER6X833K,https://apps.apple.com/redeem?ctx=offercodes&id=6760590018&code=HRX7TFLTRYER6X833K
JKA4T7T88YMPRW3HF4,https://apps.apple.com/redeem?ctx=offercodes&id=6760590018&code=JKA4T7T88YMPRW3HF4
46RW4TNTX3XWPAY3KL,https://apps.apple.com/redeem?ctx=offercodes&id=6760590018&code=46RW4TNTX3XWPAY3KL
F8P8M38HLAR78FRF6P,https://apps.apple.com/redeem?ctx=offercodes&id=6760590018&code=F8P8M38HLAR78FRF6P
TY8APENTPWRP84XXFX,https://apps.apple.com/redeem?ctx=offercodes&id=6760590018&code=TY8APENTPWRP84XXFX
J6NY7ER4H6LNHAFPRM,https://apps.apple.com/redeem?ctx=offercodes&id=6760590018&code=J6NY7ER4H6LNHAFPRM
M4NTML3A733REAXN46,https://apps.apple.com/redeem?ctx=offercodes&id=6760590018&code=M4NTML3A733REAXN46
LK7E6FL37R7NTEXRAH,https://apps.apple.com/redeem?ctx=offercodes&id=6760590018&code=LK7E6FL37R7NTEXRAH
MPRPW7KXJL4NTAM3A6,https://apps.apple.com/redeem?ctx=offercodes&id=6760590018&code=MPRPW7KXJL4NTAM3A6
JPYE3TENAH3AETHEXK,https://apps.apple.com/redeem?ctx=offercodes&id=6760590018&code=JPYE3TENAH3AETHEXK
JMRPTA6KJNNKHPF6EE,https://apps.apple.com/redeem?ctx=offercodes&id=6760590018&code=JMRPTA6KJNNKHPF6EE
E8ENLX4RL8APAAR8KW,https://apps.apple.com/redeem?ctx=offercodes&id=6760590018&code=E8ENLX4RL8APAAR8KW
88Y7XAT73M888RJNXR,https://apps.apple.com/redeem?ctx=offercodes&id=6760590018&code=88Y7XAT73M888RJNXR
RFTY8J6F73NM3L44EW,https://apps.apple.com/redeem?ctx=offercodes&id=6760590018&code=RFTY8J6F73NM3L44EW
88AAEWXHENWM7YKR63,https://apps.apple.com/redeem?ctx=offercodes&id=6760590018&code=88AAEWXHENWM7YKR63
8T4EN67JA6LKJPHTL7,https://apps.apple.com/redeem?ctx=offercodes&id=6760590018&code=8T4EN67JA6LKJPHTL7
L36LWRALN4YN83H8LH,https://apps.apple.com/redeem?ctx=offercodes&id=6760590018&code=L36LWRALN4YN83H8LH
7X6X8T8848ENFNHAYA,https://apps.apple.com/redeem?ctx=offercodes&id=6760590018&code=7X6X8T8848ENFNHAYA
AA3KAX7TM8XK66MLTA,https://apps.apple.com/redeem?ctx=offercodes&id=6760590018&code=AA3KAX7TM8XK66MLTA
AY6WWXJ3NTMAHNM4WX,https://apps.apple.com/redeem?ctx=offercodes&id=6760590018&code=AY6WWXJ3NTMAHNM4WX
X7A3XH3FHKM33EYYKW,https://apps.apple.com/redeem?ctx=offercodes&id=6760590018&code=X7A3XH3FHKM33EYYKW
8WL4HHJRY6KELHRYHH,https://apps.apple.com/redeem?ctx=offercodes&id=6760590018&code=8WL4HHJRY6KELHRYHH
RKNJ3EE74E48TR343X,https://apps.apple.com/redeem?ctx=offercodes&id=6760590018&code=RKNJ3EE74E48TR343X
K8XXXKWP8PY6KJKN3F,https://apps.apple.com/redeem?ctx=offercodes&id=6760590018&code=K8XXXKWP8PY6KJKN3F
6LTP48WLTP6PJHLNFK,https://apps.apple.com/redeem?ctx=offercodes&id=6760590018&code=6LTP48WLTP6PJHLNFK
ERWL4TWLYR6T3KW7HY,https://apps.apple.com/redeem?ctx=offercodes&id=6760590018&code=ERWL4TWLYR6T3KW7HY
FJPL36NP8M3EXLAJ6M,https://apps.apple.com/redeem?ctx=offercodes&id=6760590018&code=FJPL36NP8M3EXLAJ6M
KLP7PTNLW6H3M6RYFP,https://apps.apple.com/redeem?ctx=offercodes&id=6760590018&code=KLP7PTNLW6H3M6RYFP
4LEWJ3HT8EKFP678X6,https://apps.apple.com/redeem?ctx=offercodes&id=6760590018&code=4LEWJ3HT8EKFP678X6
644XNP3WTHAHLTMX4Y,https://apps.apple.com/redeem?ctx=offercodes&id=6760590018&code=644XNP3WTHAHLTMX4Y
M487RPPJLXA8AY7PPE,https://apps.apple.com/redeem?ctx=offercodes&id=6760590018&code=M487RPPJLXA8AY7PPE
N7ERE8JLKME3HH3XY3,https://apps.apple.com/redeem?ctx=offercodes&id=6760590018&code=N7ERE8JLKME3HH3XY3
7Y6XMTKEN8K7NLXR4T,https://apps.apple.com/redeem?ctx=offercodes&id=6760590018&code=7Y6XMTKEN8K7NLXR4T
MEY7H6L3KP6HET7FXM,https://apps.apple.com/redeem?ctx=offercodes&id=6760590018&code=MEY7H6L3KP6HET7FXM
MN78TRKPN34Y4TRRP3,https://apps.apple.com/redeem?ctx=offercodes&id=6760590018&code=MN78TRKPN34Y4TRRP3
FLHFW873TPWM3RJYWF,https://apps.apple.com/redeem?ctx=offercodes&id=6760590018&code=FLHFW873TPWM3RJYWF
FMKXLKWRKXMY38L6AR,https://apps.apple.com/redeem?ctx=offercodes&id=6760590018&code=FMKXLKWRKXMY38L6AR
LJLMMXXTJER4AJNLAL,https://apps.apple.com/redeem?ctx=offercodes&id=6760590018&code=LJLMMXXTJER4AJNLAL
YWML4Y6X3A8JAXAL4A,https://apps.apple.com/redeem?ctx=offercodes&id=6760590018&code=YWML4Y6X3A8JAXAL4A
RKKMHX8AM88Y4JFLRX,https://apps.apple.com/redeem?ctx=offercodes&id=6760590018&code=RKKMHX8AM88Y4JFLRX
4KP66TWP7XE66Y7YWK,https://apps.apple.com/redeem?ctx=offercodes&id=6760590018&code=4KP66TWP7XE66Y7YWK
44K6XYPRP7MAYP6N3F,https://apps.apple.com/redeem?ctx=offercodes&id=6760590018&code=44K6XYPRP7MAYP6N3F
38ARN8RY484AMELPJN,https://apps.apple.com/redeem?ctx=offercodes&id=6760590018&code=38ARN8RY484AMELPJN
NHL67NLR8AA3WTLNLH,https://apps.apple.com/redeem?ctx=offercodes&id=6760590018&code=NHL67NLR8AA3WTLNLH
FRXJHRKPX4LJ3H4EFE,https://apps.apple.com/redeem?ctx=offercodes&id=6760590018&code=FRXJHRKPX4LJ3H4EFE
3KJ4NJPN4YA7H6X7PT,https://apps.apple.com/redeem?ctx=offercodes&id=6760590018&code=3KJ4NJPN4YA7H6X7PT
J7FERT8WT6KNKTP6LY,https://apps.apple.com/redeem?ctx=offercodes&id=6760590018&code=J7FERT8WT6KNKTP6LY
8RLT7AELK3AXMWF37R,https://apps.apple.com/redeem?ctx=offercodes&id=6760590018&code=8RLT7AELK3AXMWF37R
YXNEN4X6N7N3HREYPT,https://apps.apple.com/redeem?ctx=offercodes&id=6760590018&code=YXNEN4X6N7N3HREYPT
JJNTKAA6H3YL8MLMEX,https://apps.apple.com/redeem?ctx=offercodes&id=6760590018&code=JJNTKAA6H3YL8MLMEX
6EKKXJK8H8HAJPRE6F,https://apps.apple.com/redeem?ctx=offercodes&id=6760590018&code=6EKKXJK8H8HAJPRE6F
ELAHRNWMTMT7ALNNEX,https://apps.apple.com/redeem?ctx=offercodes&id=6760590018&code=ELAHRNWMTMT7ALNNEX
NF7LY38R783MHN7J6Y,https://apps.apple.com/redeem?ctx=offercodes&id=6760590018&code=NF7LY38R783MHN7J6Y
ANA784Y8PH3JTYJH68,https://apps.apple.com/redeem?ctx=offercodes&id=6760590018&code=ANA784Y8PH3JTYJH68
FK4R87YETWPR3L8ELW,https://apps.apple.com/redeem?ctx=offercodes&id=6760590018&code=FK4R87YETWPR3L8ELW
E7TY68JMPP43HLHWK3,https://apps.apple.com/redeem?ctx=offercodes&id=6760590018&code=E7TY68JMPP43HLHWK3
YH3K8FHWWFMP3EKJRT,https://apps.apple.com/redeem?ctx=offercodes&id=6760590018&code=YH3K8FHWWFMP3EKJRT
KHKTNMJYLEYPLNK4TR,https://apps.apple.com/redeem?ctx=offercodes&id=6760590018&code=KHKTNMJYLEYPLNK4TR
WMNT8F8TMFJJFF7AHR,https://apps.apple.com/redeem?ctx=offercodes&id=6760590018&code=WMNT8F8TMFJJFF7AHR
K7R87EHWPNL4T3HXLM,https://apps.apple.com/redeem?ctx=offercodes&id=6760590018&code=K7R87EHWPNL4T3HXLM
M4WJMXXP4HJP6HTF3X,https://apps.apple.com/redeem?ctx=offercodes&id=6760590018&code=M4WJMXXP4HJP6HTF3X
K6PXY7P3WJY4AT8APA,https://apps.apple.com/redeem?ctx=offercodes&id=6760590018&code=K6PXY7P3WJY4AT8APA
X76XPXF3YYREAE4WFT,https://apps.apple.com/redeem?ctx=offercodes&id=6760590018&code=X76XPXF3YYREAE4WFT
EXTLWER6FAEL8XTNF6,https://apps.apple.com/redeem?ctx=offercodes&id=6760590018&code=EXTLWER6FAEL8XTNF6
XJ88J8RJ66J64PW4WL,https://apps.apple.com/redeem?ctx=offercodes&id=6760590018&code=XJ88J8RJ66J64PW4WL
XMX4AY8XPF3T8ETJTM,https://apps.apple.com/redeem?ctx=offercodes&id=6760590018&code=XMX4AY8XPF3T8ETJTM
ATHP38LYR3LW7FL6W3,https://apps.apple.com/redeem?ctx=offercodes&id=6760590018&code=ATHP38LYR3LW7FL6W3
R4348E6M3WEAEEAW7A,https://apps.apple.com/redeem?ctx=offercodes&id=6760590018&code=R4348E6M3WEAEEAW7A
PJ67HLRRH8YAX3TN7T,https://apps.apple.com/redeem?ctx=offercodes&id=6760590018&code=PJ67HLRRH8YAX3TN7T
3NLAWMJFW6RT7H8HXY,https://apps.apple.com/redeem?ctx=offercodes&id=6760590018&code=3NLAWMJFW6RT7H8HXY
JA7MAFLKRYNNLRXF6W,https://apps.apple.com/redeem?ctx=offercodes&id=6760590018&code=JA7MAFLKRYNNLRXF6W
XNKTYJ3WNRTF4YJHMM,https://apps.apple.com/redeem?ctx=offercodes&id=6760590018&code=XNKTYJ3WNRTF4YJHMM
NJJJRN6T6NR33LMH6M,https://apps.apple.com/redeem?ctx=offercodes&id=6760590018&code=NJJJRN6T6NR33LMH6M
7PYXHAFNPN4T3MEPNA,https://apps.apple.com/redeem?ctx=offercodes&id=6760590018&code=7PYXHAFNPN4T3MEPNA
8YLLPL77ELM8KLWX33,https://apps.apple.com/redeem?ctx=offercodes&id=6760590018&code=8YLLPL77ELM8KLWX33
TJX4MEWFE6LKTK7RNH,https://apps.apple.com/redeem?ctx=offercodes&id=6760590018&code=TJX4MEWFE6LKTK7RNH
NKEHLFPTTWXP78N4XK,https://apps.apple.com/redeem?ctx=offercodes&id=6760590018&code=NKEHLFPTTWXP78N4XK
7ETY7E43AEPKPY6A3K,https://apps.apple.com/redeem?ctx=offercodes&id=6760590018&code=7ETY7E43AEPKPY6A3K
KFETYFYEHAWF7HP6NN,https://apps.apple.com/redeem?ctx=offercodes&id=6760590018&code=KFETYFYEHAWF7HP6NN
XHWK6WFAXPAWFLXP4K,https://apps.apple.com/redeem?ctx=offercodes&id=6760590018&code=XHWK6WFAXPAWFLXP4K
7PTJPFH4FNT647EAH4,https://apps.apple.com/redeem?ctx=offercodes&id=6760590018&code=7PTJPFH4FNT647EAH4
LH4NLAA4T4HTWET6YJ,https://apps.apple.com/redeem?ctx=offercodes&id=6760590018&code=LH4NLAA4T4HTWET6YJ
88LTEETKAPMWEWJWYE,https://apps.apple.com/redeem?ctx=offercodes&id=6760590018&code=88LTEETKAPMWEWJWYE
KFNEMHYRHYHTYX3WKT,https://apps.apple.com/redeem?ctx=offercodes&id=6760590018&code=KFNEMHYRHYHTYX3WKT
83PTJ73LLE6P6YTW77,https://apps.apple.com/redeem?ctx=offercodes&id=6760590018&code=83PTJ73LLE6P6YTW77
JEA47LXT636JAAWX3J,https://apps.apple.com/redeem?ctx=offercodes&id=6760590018&code=JEA47LXT636JAAWX3J
PEFYLKMEEW6ETW3HPJ,https://apps.apple.com/redeem?ctx=offercodes&id=6760590018&code=PEFYLKMEEW6ETW3HPJ
WP7TH6L3XNN3NN383T,https://apps.apple.com/redeem?ctx=offercodes&id=6760590018&code=WP7TH6L3XNN3NN383T
3J73FTH8FR6PANW6RP,https://apps.apple.com/redeem?ctx=offercodes&id=6760590018&code=3J73FTH8FR6PANW6RP
3HHRYH7MN6PT6TRRKH,https://apps.apple.com/redeem?ctx=offercodes&id=6760590018&code=3HHRYH7MN6PT6TRRKH
4PWWNYAFHYR77848N8,https://apps.apple.com/redeem?ctx=offercodes&id=6760590018&code=4PWWNYAFHYR77848N8
FEANJH6XEJLXJ7NX6Y,https://apps.apple.com/redeem?ctx=offercodes&id=6760590018&code=FEANJH6XEJLXJ7NX6Y
L7FAX3LLKYF78LANXR,https://apps.apple.com/redeem?ctx=offercodes&id=6760590018&code=L7FAX3LLKYF78LANXR
KPEYNJM3TEKNAAMALW,https://apps.apple.com/redeem?ctx=offercodes&id=6760590018&code=KPEYNJM3TEKNAAMALW
KJ8YWK4JL638YKHYK6,https://apps.apple.com/redeem?ctx=offercodes&id=6760590018&code=KJ8YWK4JL638YKHYK6
T3XX6KPEFW33R3Y3K3,https://apps.apple.com/redeem?ctx=offercodes&id=6760590018&code=T3XX6KPEFW33R3Y3K3
8JPW3NP67PF6RE7F37,https://apps.apple.com/redeem?ctx=offercodes&id=6760590018&code=8JPW3NP67PF6RE7F37
RWFAKTNAWWLAEPRM7A,https://apps.apple.com/redeem?ctx=offercodes&id=6760590018&code=RWFAKTNAWWLAEPRM7A
AYXNRTNX3FK8T7JWLT,https://apps.apple.com/redeem?ctx=offercodes&id=6760590018&code=AYXNRTNX3FK8T7JWLT
864E8W3KL47EJK6XRE,https://apps.apple.com/redeem?ctx=offercodes&id=6760590018&code=864E8W3KL47EJK6XRE
TW7NWAT7YFEAFLN7M7,https://apps.apple.com/redeem?ctx=offercodes&id=6760590018&code=TW7NWAT7YFEAFLN7M7
W3PW34TH4XP7XEE7JF,https://apps.apple.com/redeem?ctx=offercodes&id=6760590018&code=W3PW34TH4XP7XEE7JF
XKPJKE8R4XPPEFRH8H,https://apps.apple.com/redeem?ctx=offercodes&id=6760590018&code=XKPJKE8R4XPPEFRH8H
A8TNWA66M866WPHYRE,https://apps.apple.com/redeem?ctx=offercodes&id=6760590018&code=A8TNWA66M866WPHYRE
YAHJX6TJM3FXFRTMM7,https://apps.apple.com/redeem?ctx=offercodes&id=6760590018&code=YAHJX6TJM3FXFRTMM7
8MF7RRJA8WNXJPEKN4,https://apps.apple.com/redeem?ctx=offercodes&id=6760590018&code=8MF7RRJA8WNXJPEKN4
4ME8ELHLTJ6KMYN4HN,https://apps.apple.com/redeem?ctx=offercodes&id=6760590018&code=4ME8ELHLTJ6KMYN4HN
W8LARNHAFT4KKY73LW,https://apps.apple.com/redeem?ctx=offercodes&id=6760590018&code=W8LARNHAFT4KKY73LW
6XHY8PKLRAKYJE68JP,https://apps.apple.com/redeem?ctx=offercodes&id=6760590018&code=6XHY8PKLRAKYJE68JP
JWYPFFYH8T33F3FP6Y,https://apps.apple.com/redeem?ctx=offercodes&id=6760590018&code=JWYPFFYH8T33F3FP6Y
JR4X36JPHHXLH7AEL7,https://apps.apple.com/redeem?ctx=offercodes&id=6760590018&code=JR4X36JPHHXLH7AEL7
PXRXE3KKAFKJE8YKAF,https://apps.apple.com/redeem?ctx=offercodes&id=6760590018&code=PXRXE3KKAFKJE8YKAF
EH4MYXW83JKFFMJTE6,https://apps.apple.com/redeem?ctx=offercodes&id=6760590018&code=EH4MYXW83JKFFMJTE6
AFY6JRJ6FYXAN4M847,https://apps.apple.com/redeem?ctx=offercodes&id=6760590018&code=AFY6JRJ6FYXAN4M847
KTH6AW7LWFLH7ELWYM,https://apps.apple.com/redeem?ctx=offercodes&id=6760590018&code=KTH6AW7LWFLH7ELWYM
HM3PPNY33RTJP8MPHJ,https://apps.apple.com/redeem?ctx=offercodes&id=6760590018&code=HM3PPNY33RTJP8MPHJ
RAWY6ATMKP6TH86MPH,https://apps.apple.com/redeem?ctx=offercodes&id=6760590018&code=RAWY6ATMKP6TH86MPH
AFLY7TYA4R4LLXLJF4,https://apps.apple.com/redeem?ctx=offercodes&id=6760590018&code=AFLY7TYA4R4LLXLJF4
M76LA8L7M4TMP3F86H,https://apps.apple.com/redeem?ctx=offercodes&id=6760590018&code=M76LA8L7M4TMP3F86H
667KHKWLPAWX3JWY6J,https://apps.apple.com/redeem?ctx=offercodes&id=6760590018&code=667KHKWLPAWX3JWY6J
XXMNT3A3XLHKMNRLEM,https://apps.apple.com/redeem?ctx=offercodes&id=6760590018&code=XXMNT3A3XLHKMNRLEM
LA8MWMRM7XKMHMYWHP,https://apps.apple.com/redeem?ctx=offercodes&id=6760590018&code=LA8MWMRM7XKMHMYWHP
NK4N3WLE6FJWLL3WNE,https://apps.apple.com/redeem?ctx=offercodes&id=6760590018&code=NK4N3WLE6FJWLL3WNE
K338PL7MPT68EHFJHN,https://apps.apple.com/redeem?ctx=offercodes&id=6760590018&code=K338PL7MPT68EHFJHN
L87MHFWTAH3MPLEPAN,https://apps.apple.com/redeem?ctx=offercodes&id=6760590018&code=L87MHFWTAH3MPLEPAN
7KAWX36EW7RTNHMNEY,https://apps.apple.com/redeem?ctx=offercodes&id=6760590018&code=7KAWX36EW7RTNHMNEY
LJ6TFYYJ3HLLXN343H,https://apps.apple.com/redeem?ctx=offercodes&id=6760590018&code=LJ6TFYYJ3HLLXN343H
WALP8PYNEHKTEWTLLY,https://apps.apple.com/redeem?ctx=offercodes&id=6760590018&code=WALP8PYNEHKTEWTLLY
AKL7EXMM3XEPP8AWLF,https://apps.apple.com/redeem?ctx=offercodes&id=6760590018&code=AKL7EXMM3XEPP8AWLF
L8AATYYHLLR8LR4743,https://apps.apple.com/redeem?ctx=offercodes&id=6760590018&code=L8AATYYHLLR8LR4743
RKMALF8E6LA4KJJTNR,https://apps.apple.com/redeem?ctx=offercodes&id=6760590018&code=RKMALF8E6LA4KJJTNR
8HMPAANTYM84TALYFJ,https://apps.apple.com/redeem?ctx=offercodes&id=6760590018&code=8HMPAANTYM84TALYFJ
LENLAP8KXRNL3FEAF7,https://apps.apple.com/redeem?ctx=offercodes&id=6760590018&code=LENLAP8KXRNL3FEAF7
4WLWH8TTYJNA46LJ8M,https://apps.apple.com/redeem?ctx=offercodes&id=6760590018&code=4WLWH8TTYJNA46LJ8M
HWK4RX6RNTRRLFFX3K,https://apps.apple.com/redeem?ctx=offercodes&id=6760590018&code=HWK4RX6RNTRRLFFX3K
XLRHYJJXRL6AWY3RPK,https://apps.apple.com/redeem?ctx=offercodes&id=6760590018&code=XLRHYJJXRL6AWY3RPK
EHA84MLHATF4T7F8KN,https://apps.apple.com/redeem?ctx=offercodes&id=6760590018&code=EHA84MLHATF4T7F8KN
FMY7HMPXWE4FMT7EM7,https://apps.apple.com/redeem?ctx=offercodes&id=6760590018&code=FMY7HMPXWE4FMT7EM7
MJ84TPJHEY7R7YL4LR,https://apps.apple.com/redeem?ctx=offercodes&id=6760590018&code=MJ84TPJHEY7R7YL4LR
AANEAA43RJMF88WN4J,https://apps.apple.com/redeem?ctx=offercodes&id=6760590018&code=AANEAA43RJMF88WN4J
MLYTJ6LX3684PJRK8K,https://apps.apple.com/redeem?ctx=offercodes&id=6760590018&code=MLYTJ6LX3684PJRK8K
47W76PWANETE46JHLF,https://apps.apple.com/redeem?ctx=offercodes&id=6760590018&code=47W76PWANETE46JHLF
3M3TT6FXHAL3HNF4K3,https://apps.apple.com/redeem?ctx=offercodes&id=6760590018&code=3M3TT6FXHAL3HNF4K3
X6NL487RYNT8HMNY3J,https://apps.apple.com/redeem?ctx=offercodes&id=6760590018&code=X6NL487RYNT8HMNY3J
J44T8LH87FPXJKTW6L,https://apps.apple.com/redeem?ctx=offercodes&id=6760590018&code=J44T8LH87FPXJKTW6L
KX4AKX7XE7A363TEPF,https://apps.apple.com/redeem?ctx=offercodes&id=6760590018&code=KX4AKX7XE7A363TEPF
R4W4376N7LTX3MNW3K,https://apps.apple.com/redeem?ctx=offercodes&id=6760590018&code=R4W4376N7LTX3MNW3K
WNL3NP3AMHR8ALWTKM,https://apps.apple.com/redeem?ctx=offercodes&id=6760590018&code=WNL3NP3AMHR8ALWTKM
LHKARH7JL6ARY6NP88,https://apps.apple.com/redeem?ctx=offercodes&id=6760590018&code=LHKARH7JL6ARY6NP88
AE6P8KR4WTELWHJF4F,https://apps.apple.com/redeem?ctx=offercodes&id=6760590018&code=AE6P8KR4WTELWHJF4F
38EYEKTEA6JR8A8EH7,https://apps.apple.com/redeem?ctx=offercodes&id=6760590018&code=38EYEKTEA6JR8A8EH7
LNLLTR7P6Y4AMN6H8H,https://apps.apple.com/redeem?ctx=offercodes&id=6760590018&code=LNLLTR7P6Y4AMN6H8H
J87HYW3RW7KHXJL8MW,https://apps.apple.com/redeem?ctx=offercodes&id=6760590018&code=J87HYW3RW7KHXJL8MW
KAH7HLFW7HH4KEWNTY,https://apps.apple.com/redeem?ctx=offercodes&id=6760590018&code=KAH7HLFW7HH4KEWNTY
LJF846PKK4KTR4LRKP,https://apps.apple.com/redeem?ctx=offercodes&id=6760590018&code=LJF846PKK4KTR4LRKP
WT48RERA733J6RPLH8,https://apps.apple.com/redeem?ctx=offercodes&id=6760590018&code=WT48RERA733J6RPLH8
XE77MWTHPHYKME348E,https://apps.apple.com/redeem?ctx=offercodes&id=6760590018&code=XE77MWTHPHYKME348E
TT8WHK8W4X7ETLRM7A,https://apps.apple.com/redeem?ctx=offercodes&id=6760590018&code=TT8WHK8W4X7ETLRM7A
8N3MHYTJLAHPEFWLEF,https://apps.apple.com/redeem?ctx=offercodes&id=6760590018&code=8N3MHYTJLAHPEFWLEF
LXE7MPY63T8F3XMWWR,https://apps.apple.com/redeem?ctx=offercodes&id=6760590018&code=LXE7MPY63T8F3XMWWR
JWWNHMPEFTNMT6XE6K,https://apps.apple.com/redeem?ctx=offercodes&id=6760590018&code=JWWNHMPEFTNMT6XE6K
H47EKXA6E4KKR7ALMJ,https://apps.apple.com/redeem?ctx=offercodes&id=6760590018&code=H47EKXA6E4KKR7ALMJ
NYEJJ7F33YXA3T4LXM,https://apps.apple.com/redeem?ctx=offercodes&id=6760590018&code=NYEJJ7F33YXA3T4LXM
R3XXNT83E3NLWXTNKE,https://apps.apple.com/redeem?ctx=offercodes&id=6760590018&code=R3XXNT83E3NLWXTNKE
XMXER37AE68X6APMTA,https://apps.apple.com/redeem?ctx=offercodes&id=6760590018&code=XMXER37AE68X6APMTA
6NJA8K4WYN6JY4J43X,https://apps.apple.com/redeem?ctx=offercodes&id=6760590018&code=6NJA8K4WYN6JY4J43X
RW3LNAAXENHKKA3TAP,https://apps.apple.com/redeem?ctx=offercodes&id=6760590018&code=RW3LNAAXENHKKA3TAP
X7TM676R7K3J744JKA,https://apps.apple.com/redeem?ctx=offercodes&id=6760590018&code=X7TM676R7K3J744JKA
RJ8HJ8PLPAJP87TKNF,https://apps.apple.com/redeem?ctx=offercodes&id=6760590018&code=RJ8HJ8PLPAJP87TKNF
73M4YNHEJN43YWMLT7,https://apps.apple.com/redeem?ctx=offercodes&id=6760590018&code=73M4YNHEJN43YWMLT7
RPA3EJ3J8RWJ3N3R38,https://apps.apple.com/redeem?ctx=offercodes&id=6760590018&code=RPA3EJ3J8RWJ3N3R38
LPYEL7ERY7YWT48PYW,https://apps.apple.com/redeem?ctx=offercodes&id=6760590018&code=LPYEL7ERY7YWT48PYW
NP68HTJFPRYRK7KTJW,https://apps.apple.com/redeem?ctx=offercodes&id=6760590018&code=NP68HTJFPRYRK7KTJW
MXKAKA474R4NPLNMNH,https://apps.apple.com/redeem?ctx=offercodes&id=6760590018&code=MXKAKA474R4NPLNMNH
RT8EYATXM8EYK7TWM7,https://apps.apple.com/redeem?ctx=offercodes&id=6760590018&code=RT8EYATXM8EYK7TWM7
MWXJ6X7R8NMAYWYNKH,https://apps.apple.com/redeem?ctx=offercodes&id=6760590018&code=MWXJ6X7R8NMAYWYNKH
JHFM8M33RPWXMLYFX7,https://apps.apple.com/redeem?ctx=offercodes&id=6760590018&code=JHFM8M33RPWXMLYFX7
P3RRFJHHN6M4XAHJKF,https://apps.apple.com/redeem?ctx=offercodes&id=6760590018&code=P3RRFJHHN6M4XAHJKF
7LFEMMHWJKER4R6YRE,https://apps.apple.com/redeem?ctx=offercodes&id=6760590018&code=7LFEMMHWJKER4R6YRE
873N76MKFLT83EKM8Y,https://apps.apple.com/redeem?ctx=offercodes&id=6760590018&code=873N76MKFLT83EKM8Y
LATWFTTWAWKRNAXA7Y,https://apps.apple.com/redeem?ctx=offercodes&id=6760590018&code=LATWFTTWAWKRNAXA7Y
3LXELPE6JFL6MNW4EE,https://apps.apple.com/redeem?ctx=offercodes&id=6760590018&code=3LXELPE6JFL6MNW4EE
WMMT3NX74J3W7JJNL8,https://apps.apple.com/redeem?ctx=offercodes&id=6760590018&code=WMMT3NX74J3W7JJNL8
XAKY3LE8RXLRY4X77E,https://apps.apple.com/redeem?ctx=offercodes&id=6760590018&code=XAKY3LE8RXLRY4X77E
J6RNXKPW36KWRHYM4E,https://apps.apple.com/redeem?ctx=offercodes&id=6760590018&code=J6RNXKPW36KWRHYM4E
MHXTA73E6E87MLP3NH,https://apps.apple.com/redeem?ctx=offercodes&id=6760590018&code=MHXTA73E6E87MLP3NH
J76JA6MYTA8J8M4HP7,https://apps.apple.com/redeem?ctx=offercodes&id=6760590018&code=J76JA6MYTA8J8M4HP7
XNJJTFR6H7A3XXFXF3,https://apps.apple.com/redeem?ctx=offercodes&id=6760590018&code=XNJJTFR6H7A3XXFXF3
R43L3ERE6WAJ746HT3,https://apps.apple.com/redeem?ctx=offercodes&id=6760590018&code=R43L3ERE6WAJ746HT3
8KJLEFALE487NWWPRW,https://apps.apple.com/redeem?ctx=offercodes&id=6760590018&code=8KJLEFALE487NWWPRW
TPN4JHKE6K6XMA8H47,https://apps.apple.com/redeem?ctx=offercodes&id=6760590018&code=TPN4JHKE6K6XMA8H47
866HY88A8WYTENY4RK,https://apps.apple.com/redeem?ctx=offercodes&id=6760590018&code=866HY88A8WYTENY4RK
48MF6L7X3YF8AWWM7E,https://apps.apple.com/redeem?ctx=offercodes&id=6760590018&code=48MF6L7X3YF8AWWM7E
FE3K6THMNLAKWRW7MP,https://apps.apple.com/redeem?ctx=offercodes&id=6760590018&code=FE3K6THMNLAKWRW7MP
FMXJ37PP3Y44KRWE7L,https://apps.apple.com/redeem?ctx=offercodes&id=6760590018&code=FMXJ37PP3Y44KRWE7L
PAT8TYKH7MKLF77K8N,https://apps.apple.com/redeem?ctx=offercodes&id=6760590018&code=PAT8TYKH7MKLF77K8N
PYTJ7PNPKKHFH8HFYT,https://apps.apple.com/redeem?ctx=offercodes&id=6760590018&code=PYTJ7PNPKKHFH8HFYT
THN6ML8MNKE6MY37JJ,https://apps.apple.com/redeem?ctx=offercodes&id=6760590018&code=THN6ML8MNKE6MY37JJ
77TNMFWFPPENXT7EAJ,https://apps.apple.com/redeem?ctx=offercodes&id=6760590018&code=77TNMFWFPPENXT7EAJ
H8WNM8HXW6LYYK8WAX,https://apps.apple.com/redeem?ctx=offercodes&id=6760590018&code=H8WNM8HXW6LYYK8WAX
YTEEN8N3X6KAPYTA8E,https://apps.apple.com/redeem?ctx=offercodes&id=6760590018&code=YTEEN8N3X6KAPYTA8E
WA3L78437KKAEXMMRN,https://apps.apple.com/redeem?ctx=offercodes&id=6760590018&code=WA3L78437KKAEXMMRN
8Y36FKMPTW4837HAKF,https://apps.apple.com/redeem?ctx=offercodes&id=6760590018&code=8Y36FKMPTW4837HAKF
TEANHWN7YTRPPJLFMA,https://apps.apple.com/redeem?ctx=offercodes&id=6760590018&code=TEANHWN7YTRPPJLFMA
37KNA36EFKAEMAXK6K,https://apps.apple.com/redeem?ctx=offercodes&id=6760590018&code=37KNA36EFKAEMAXK6K
7FHMLEWKYFPNXXEJ6L,https://apps.apple.com/redeem?ctx=offercodes&id=6760590018&code=7FHMLEWKYFPNXXEJ6L
8LYM6AYYJ4KWKPF7EX,https://apps.apple.com/redeem?ctx=offercodes&id=6760590018&code=8LYM6AYYJ4KWKPF7EX
KLXW6H3XM4APH6JKFP,https://apps.apple.com/redeem?ctx=offercodes&id=6760590018&code=KLXW6H3XM4APH6JKFP
E773FNWEX7EM3J46L8,https://apps.apple.com/redeem?ctx=offercodes&id=6760590018&code=E773FNWEX7EM3J46L8
7J7YTT8P6AYR6K6LPF,https://apps.apple.com/redeem?ctx=offercodes&id=6760590018&code=7J7YTT8P6AYR6K6LPF
33MAFP88NANKT3NJ36,https://apps.apple.com/redeem?ctx=offercodes&id=6760590018&code=33MAFP88NANKT3NJ36
WN3XPM3EY8FJERJNNP,https://apps.apple.com/redeem?ctx=offercodes&id=6760590018&code=WN3XPM3EY8FJERJNNP
EJKTR8L666AJN7JNFY,https://apps.apple.com/redeem?ctx=offercodes&id=6760590018&code=EJKTR8L666AJN7JNFY
68837L7Y7J8FTW7XXX,https://apps.apple.com/redeem?ctx=offercodes&id=6760590018&code=68837L7Y7J8FTW7XXX
JW8MHKJ7WX3HT43AAJ,https://apps.apple.com/redeem?ctx=offercodes&id=6760590018&code=JW8MHKJ7WX3HT43AAJ
HLYA3FTNXF6RAHK8RX,https://apps.apple.com/redeem?ctx=offercodes&id=6760590018&code=HLYA3FTNXF6RAHK8RX
8XMET6E4HNEME6NXHT,https://apps.apple.com/redeem?ctx=offercodes&id=6760590018&code=8XMET6E4HNEME6NXHT
6LPYRP3JKMR7N3TL8H,https://apps.apple.com/redeem?ctx=offercodes&id=6760590018&code=6LPYRP3JKMR7N3TL8H
YPWAFFPTLN7FHR3MTE,https://apps.apple.com/redeem?ctx=offercodes&id=6760590018&code=YPWAFFPTLN7FHR3MTE
AHHJRW7FXHFNF6T3XF,https://apps.apple.com/redeem?ctx=offercodes&id=6760590018&code=AHHJRW7FXHFNF6T3XF
88P63M4WN4R8KWLN3W,https://apps.apple.com/redeem?ctx=offercodes&id=6760590018&code=88P63M4WN4R8KWLN3W
XTMK7AYLYFM6X4RK8M,https://apps.apple.com/redeem?ctx=offercodes&id=6760590018&code=XTMK7AYLYFM6X4RK8M
WPF6PLEWLLMF8Y6PX3,https://apps.apple.com/redeem?ctx=offercodes&id=6760590018&code=WPF6PLEWLLMF8Y6PX3
4EWE38386X7NKNPLTA,https://apps.apple.com/redeem?ctx=offercodes&id=6760590018&code=4EWE38386X7NKNPLTA
6E64JJM7F8AP76T4ME,https://apps.apple.com/redeem?ctx=offercodes&id=6760590018&code=6E64JJM7F8AP76T4ME
WM3JMT3HWTEJT8JHE8,https://apps.apple.com/redeem?ctx=offercodes&id=6760590018&code=WM3JMT3HWTEJT8JHE8
7YR8K8M8EHY3PENALR,https://apps.apple.com/redeem?ctx=offercodes&id=6760590018&code=7YR8K8M8EHY3PENALR
REFLLFWWRJY7YA33X8,https://apps.apple.com/redeem?ctx=offercodes&id=6760590018&code=REFLLFWWRJY7YA33X8
7LA6J6L7JJLLNHA834,https://apps.apple.com/redeem?ctx=offercodes&id=6760590018&code=7LA6J6L7JJLLNHA834
6LKFEJPEY64PMMRA68,https://apps.apple.com/redeem?ctx=offercodes&id=6760590018&code=6LKFEJPEY64PMMRA68
6EEN7PXWHHJWF4AYRL,https://apps.apple.com/redeem?ctx=offercodes&id=6760590018&code=6EEN7PXWHHJWF4AYRL
LJAEJ8FN8H86P7RJ4M,https://apps.apple.com/redeem?ctx=offercodes&id=6760590018&code=LJAEJ8FN8H86P7RJ4M
XHFRKT8W6XNL4R3ARK,https://apps.apple.com/redeem?ctx=offercodes&id=6760590018&code=XHFRKT8W6XNL4R3ARK
4P8XTKKRWLMRPRW8PY,https://apps.apple.com/redeem?ctx=offercodes&id=6760590018&code=4P8XTKKRWLMRPRW8PY
MTAMXXP4LHEHJ846T6,https://apps.apple.com/redeem?ctx=offercodes&id=6760590018&code=MTAMXXP4LHEHJ846T6
LPYJAYLJRPW7NXYRR4,https://apps.apple.com/redeem?ctx=offercodes&id=6760590018&code=LPYJAYLJRPW7NXYRR4
RTP4K3TNPAA4JKEX3F,https://apps.apple.com/redeem?ctx=offercodes&id=6760590018&code=RTP4K3TNPAA4JKEX3F
E8YTL6X64JP4KPRJ4T,https://apps.apple.com/redeem?ctx=offercodes&id=6760590018&code=E8YTL6X64JP4KPRJ4T
LNPM4HPLEXKPXWA4JX,https://apps.apple.com/redeem?ctx=offercodes&id=6760590018&code=LNPM4HPLEXKPXWA4JX
HTEY4TT6E36FYRM7MX,https://apps.apple.com/redeem?ctx=offercodes&id=6760590018&code=HTEY4TT6E36FYRM7MX
FMPJFXH7N6W784EW8N,https://apps.apple.com/redeem?ctx=offercodes&id=6760590018&code=FMPJFXH7N6W784EW8N
YWEWP4H7WH3T8L7RR6,https://apps.apple.com/redeem?ctx=offercodes&id=6760590018&code=YWEWP4H7WH3T8L7RR6
J6LHLNMKJN4LKNF787,https://apps.apple.com/redeem?ctx=offercodes&id=6760590018&code=J6LHLNMKJN4LKNF787
LYLNEPRMYNMJJPXKYM,https://apps.apple.com/redeem?ctx=offercodes&id=6760590018&code=LYLNEPRMYNMJJPXKYM
ANHJXREWTY7X7H36PR,https://apps.apple.com/redeem?ctx=offercodes&id=6760590018&code=ANHJXREWTY7X7H36PR
6LWRX7HXE87XM736HM,https://apps.apple.com/redeem?ctx=offercodes&id=6760590018&code=6LWRX7HXE87XM736HM
JNT47XJHPETE8ML348,https://apps.apple.com/redeem?ctx=offercodes&id=6760590018&code=JNT47XJHPETE8ML348
LPKF78AKALP7XXRLJF,https://apps.apple.com/redeem?ctx=offercodes&id=6760590018&code=LPKF78AKALP7XXRLJF
PNLTJ4AE4JT8KPLN4K,https://apps.apple.com/redeem?ctx=offercodes&id=6760590018&code=PNLTJ4AE4JT8KPLN4K
MPP46FT3ERN87W88KJ,https://apps.apple.com/redeem?ctx=offercodes&id=6760590018&code=MPP46FT3ERN87W88KJ
6736KEJRMNRHLATPYJ,https://apps.apple.com/redeem?ctx=offercodes&id=6760590018&code=6736KEJRMNRHLATPYJ
XYYRW36N7AMY77WFA4,https://apps.apple.com/redeem?ctx=offercodes&id=6760590018&code=XYYRW36N7AMY77WFA4
Y6WKRWKARAJNWXYYPJ,https://apps.apple.com/redeem?ctx=offercodes&id=6760590018&code=Y6WKRWKARAJNWXYYPJ
YHN7PPR6FFM6LJKK8A,https://apps.apple.com/redeem?ctx=offercodes&id=6760590018&code=YHN7PPR6FFM6LJKK8A
6WYPK7THRRPRJW6FH4,https://apps.apple.com/redeem?ctx=offercodes&id=6760590018&code=6WYPK7THRRPRJW6FH4
MXR8EMHLHHMX4RPEJ6,https://apps.apple.com/redeem?ctx=offercodes&id=6760590018&code=MXR8EMHLHHMX4RPEJ6
N6MK788WL4RJPJXJ43,https://apps.apple.com/redeem?ctx=offercodes&id=6760590018&code=N6MK788WL4RJPJXJ43
6WPJ6RNNYNH8RRTPR7,https://apps.apple.com/redeem?ctx=offercodes&id=6760590018&code=6WPJ6RNNYNH8RRTPR7
T6HPFFTX88RLH4PNTJ,https://apps.apple.com/redeem?ctx=offercodes&id=6760590018&code=T6HPFFTX88RLH4PNTJ
R77JT6H4LN7LHFKJF4,https://apps.apple.com/redeem?ctx=offercodes&id=6760590018&code=R77JT6H4LN7LHFKJF4
3WN8E8JJFE3FM8F8J7,https://apps.apple.com/redeem?ctx=offercodes&id=6760590018&code=3WN8E8JJFE3FM8F8J7
XHMMKNELLPNNJLENAK,https://apps.apple.com/redeem?ctx=offercodes&id=6760590018&code=XHMMKNELLPNNJLENAK
P4TPRLFTR7FHJYR6M4,https://apps.apple.com/redeem?ctx=offercodes&id=6760590018&code=P4TPRLFTR7FHJYR6M4
J46TR3PNFJ6EJPFHAJ,https://apps.apple.com/redeem?ctx=offercodes&id=6760590018&code=J46TR3PNFJ6EJPFHAJ
LAJYW8ELKAH8LJJNKE,https://apps.apple.com/redeem?ctx=offercodes&id=6760590018&code=LAJYW8ELKAH8LJJNKE
444JYLFKRAR4RLAEF7,https://apps.apple.com/redeem?ctx=offercodes&id=6760590018&code=444JYLFKRAR4RLAEF7
7TT4N4JLLJ3X3L86A4,https://apps.apple.com/redeem?ctx=offercodes&id=6760590018&code=7TT4N4JLLJ3X3L86A4
LPAP38JAJHL368HJEJ,https://apps.apple.com/redeem?ctx=offercodes&id=6760590018&code=LPAP38JAJHL368HJEJ
N3RT8LWRRHHLTN8E4K,https://apps.apple.com/redeem?ctx=offercodes&id=6760590018&code=N3RT8LWRRHHLTN8E4K
T376JWWLWXJ7XW8XWY,https://apps.apple.com/redeem?ctx=offercodes&id=6760590018&code=T376JWWLWXJ7XW8XWY
Y87PET3T73EFL6XXR3,https://apps.apple.com/redeem?ctx=offercodes&id=6760590018&code=Y87PET3T73EFL6XXR3
NRY36FR3KWHTMMXP6Y,https://apps.apple.com/redeem?ctx=offercodes&id=6760590018&code=NRY36FR3KWHTMMXP6Y
WRJM8TP76M4F7LN3K6,https://apps.apple.com/redeem?ctx=offercodes&id=6760590018&code=WRJM8TP76M4F7LN3K6
4Y7A8MTTETWXXF8XEE,https://apps.apple.com/redeem?ctx=offercodes&id=6760590018&code=4Y7A8MTTETWXXF8XEE
WKYEF4H73HFWPJL7HY,https://apps.apple.com/redeem?ctx=offercodes&id=6760590018&code=WKYEF4H73HFWPJL7HY
ALR3HJ73WL44HRF6FY,https://apps.apple.com/redeem?ctx=offercodes&id=6760590018&code=ALR3HJ73WL44HRF6FY
ML886T8JLTYF636344,https://apps.apple.com/redeem?ctx=offercodes&id=6760590018&code=ML886T8JLTYF636344
LK6JKEPXF7AP4EHFP8,https://apps.apple.com/redeem?ctx=offercodes&id=6760590018&code=LK6JKEPXF7AP4EHFP8
MYA7LYTPH3WENYTMME,https://apps.apple.com/redeem?ctx=offercodes&id=6760590018&code=MYA7LYTPH3WENYTMME
AHHWMTAF4PKPP3FXJR,https://apps.apple.com/redeem?ctx=offercodes&id=6760590018&code=AHHWMTAF4PKPP3FXJR
6MTEJAM88N8WTKJTMA,https://apps.apple.com/redeem?ctx=offercodes&id=6760590018&code=6MTEJAM88N8WTKJTMA
NAEWJJT8LERMYM4RNA,https://apps.apple.com/redeem?ctx=offercodes&id=6760590018&code=NAEWJJT8LERMYM4RNA
WLYE6LXEP4EWR7XY8R,https://apps.apple.com/redeem?ctx=offercodes&id=6760590018&code=WLYE6LXEP4EWR7XY8R
MMLJXKRLWLRLMT7H6J,https://apps.apple.com/redeem?ctx=offercodes&id=6760590018&code=MMLJXKRLWLRLMT7H6J
ETAX6HNWRXKTH6ELNP,https://apps.apple.com/redeem?ctx=offercodes&id=6760590018&code=ETAX6HNWRXKTH6ELNP
4NX4TE4JFHTT8KMNK3,https://apps.apple.com/redeem?ctx=offercodes&id=6760590018&code=4NX4TE4JFHTT8KMNK3
TEXYEHX8AJJTPHLH66,https://apps.apple.com/redeem?ctx=offercodes&id=6760590018&code=TEXYEHX8AJJTPHLH66
NFA4YT6K6NA8X3NWKY,https://apps.apple.com/redeem?ctx=offercodes&id=6760590018&code=NFA4YT6K6NA8X3NWKY
X3P7R3YF3LWT788M3E,https://apps.apple.com/redeem?ctx=offercodes&id=6760590018&code=X3P7R3YF3LWT788M3E
NJMNYKML743H4XXWAW,https://apps.apple.com/redeem?ctx=offercodes&id=6760590018&code=NJMNYKML743H4XXWAW
K7RKKK6LXHXY6HN8HX,https://apps.apple.com/redeem?ctx=offercodes&id=6760590018&code=K7RKKK6LXHXY6HN8HX
TJNWMRJJ3L3A37A8L6,https://apps.apple.com/redeem?ctx=offercodes&id=6760590018&code=TJNWMRJJ3L3A37A8L6
JW8EFKFY78RHAM47WN,https://apps.apple.com/redeem?ctx=offercodes&id=6760590018&code=JW8EFKFY78RHAM47WN
8M4NHFMXNLHJKN78RX,https://apps.apple.com/redeem?ctx=offercodes&id=6760590018&code=8M4NHFMXNLHJKN78RX
EAJT4X6PKWT8HY4F6T,https://apps.apple.com/redeem?ctx=offercodes&id=6760590018&code=EAJT4X6PKWT8HY4F6T
M4X6RR746PRFTJAK8T,https://apps.apple.com/redeem?ctx=offercodes&id=6760590018&code=M4X6RR746PRFTJAK8T
WKA43THJPXWTF4F6K7,https://apps.apple.com/redeem?ctx=offercodes&id=6760590018&code=WKA43THJPXWTF4F6K7
ARNW7R7NYWNFTK83PT,https://apps.apple.com/redeem?ctx=offercodes&id=6760590018&code=ARNW7R7NYWNFTK83PT
M4MK7HYEPJKFARRPAT,https://apps.apple.com/redeem?ctx=offercodes&id=6760590018&code=M4MK7HYEPJKFARRPAT
E3488WMAA3WT64T8P8,https://apps.apple.com/redeem?ctx=offercodes&id=6760590018&code=E3488WMAA3WT64T8P8
HEYYYXXW3YK4PHKW3T,https://apps.apple.com/redeem?ctx=offercodes&id=6760590018&code=HEYYYXXW3YK4PHKW3T
743P4WJKJJXLHRETHF,https://apps.apple.com/redeem?ctx=offercodes&id=6760590018&code=743P4WJKJJXLHRETHF
KX4YP3ML63RARNAJ4H,https://apps.apple.com/redeem?ctx=offercodes&id=6760590018&code=KX4YP3ML63RARNAJ4H
E3YW4F4FPLXXYLLKMK,https://apps.apple.com/redeem?ctx=offercodes&id=6760590018&code=E3YW4F4FPLXXYLLKMK
WR3YYX84YXYRN74738,https://apps.apple.com/redeem?ctx=offercodes&id=6760590018&code=WR3YYX84YXYRN74738
A47TJ4XJPJAMFWTKEN,https://apps.apple.com/redeem?ctx=offercodes&id=6760590018&code=A47TJ4XJPJAMFWTKEN
3KJYXTXA6HN374KRFW,https://apps.apple.com/redeem?ctx=offercodes&id=6760590018&code=3KJYXTXA6HN374KRFW
XRJRLTKXEP8W8HW6P6,https://apps.apple.com/redeem?ctx=offercodes&id=6760590018&code=XRJRLTKXEP8W8HW6P6
J76XT8WMTKA8TMY8MM,https://apps.apple.com/redeem?ctx=offercodes&id=6760590018&code=J76XT8WMTKA8TMY8MM
K7A7JEYWL6AMWLWETR,https://apps.apple.com/redeem?ctx=offercodes&id=6760590018&code=K7A7JEYWL6AMWLWETR
4HWLL6WAF83WW66PWX,https://apps.apple.com/redeem?ctx=offercodes&id=6760590018&code=4HWLL6WAF83WW66PWX
8YALN3NLMARXT4T7FY,https://apps.apple.com/redeem?ctx=offercodes&id=6760590018&code=8YALN3NLMARXT4T7FY
HPT7J6HMHHFWJKAYHR,https://apps.apple.com/redeem?ctx=offercodes&id=6760590018&code=HPT7J6HMHHFWJKAYHR
LKJLWMXHXXEXNTFXYR,https://apps.apple.com/redeem?ctx=offercodes&id=6760590018&code=LKJLWMXHXXEXNTFXYR
YE8H3FT4M8A43THPHT,https://apps.apple.com/redeem?ctx=offercodes&id=6760590018&code=YE8H3FT4M8A43THPHT
W7LXX7THPXM8N4A7AR,https://apps.apple.com/redeem?ctx=offercodes&id=6760590018&code=W7LXX7THPXM8N4A7AR
8AWJHAHMTYXKRJPWTH,https://apps.apple.com/redeem?ctx=offercodes&id=6760590018&code=8AWJHAHMTYXKRJPWTH
6YK66FNX8LXXEKHNWE,https://apps.apple.com/redeem?ctx=offercodes&id=6760590018&code=6YK66FNX8LXXEKHNWE
NTKJ383FL8M78YWJJN,https://apps.apple.com/redeem?ctx=offercodes&id=6760590018&code=NTKJ383FL8M78YWJJN
TW7WRJMFYNLTH67LH8,https://apps.apple.com/redeem?ctx=offercodes&id=6760590018&code=TW7WRJMFYNLTH67LH8
XWJHF4KPJPTTRXKJRA,https://apps.apple.com/redeem?ctx=offercodes&id=6760590018&code=XWJHF4KPJPTTRXKJRA
KK8NPXWKM3KTMFWYRJ,https://apps.apple.com/redeem?ctx=offercodes&id=6760590018&code=KK8NPXWKM3KTMFWYRJ
L7HEKJKMFKY4NLF7Y4,https://apps.apple.com/redeem?ctx=offercodes&id=6760590018&code=L7HEKJKMFKY4NLF7Y4
WXXJ48LETLJPPLM46A,https://apps.apple.com/redeem?ctx=offercodes&id=6760590018&code=WXXJ48LETLJPPLM46A
JXFT46EATFN4LMJEWL,https://apps.apple.com/redeem?ctx=offercodes&id=6760590018&code=JXFT46EATFN4LMJEWL
MRTNW7E68FE4LWYLPP,https://apps.apple.com/redeem?ctx=offercodes&id=6760590018&code=MRTNW7E68FE4LWYLPP
EWP38FHAWKP8A6KRN8,https://apps.apple.com/redeem?ctx=offercodes&id=6760590018&code=EWP38FHAWKP8A6KRN8
XN7WP7XE4NKNYT33KN,https://apps.apple.com/redeem?ctx=offercodes&id=6760590018&code=XN7WP7XE4NKNYT33KN
RYPFK8643XTNNEFN77,https://apps.apple.com/redeem?ctx=offercodes&id=6760590018&code=RYPFK8643XTNNEFN77
PW6W7J8MT3W7AM4EAH,https://apps.apple.com/redeem?ctx=offercodes&id=6760590018&code=PW6W7J8MT3W7AM4EAH
3EA4RW4H8LEWE6R6YK,https://apps.apple.com/redeem?ctx=offercodes&id=6760590018&code=3EA4RW4H8LEWE6R6YK
PHK44TPNNATX46AKT7,https://apps.apple.com/redeem?ctx=offercodes&id=6760590018&code=PHK44TPNNATX46AKT7
W8LPMANKJ766NWNYM4,https://apps.apple.com/redeem?ctx=offercodes&id=6760590018&code=W8LPMANKJ766NWNYM4
EP3L3XJYRN366N6ANK,https://apps.apple.com/redeem?ctx=offercodes&id=6760590018&code=EP3L3XJYRN366N6ANK
JEAEF7E8FF7RRXRMHH,https://apps.apple.com/redeem?ctx=offercodes&id=6760590018&code=JEAEF7E8FF7RRXRMHH
78LLAFA8WYTPPTREFF,https://apps.apple.com/redeem?ctx=offercodes&id=6760590018&code=78LLAFA8WYTPPTREFF
EWFWMAEYA3ANRJA4NL,https://apps.apple.com/redeem?ctx=offercodes&id=6760590018&code=EWFWMAEYA3ANRJA4NL
F6WLRMM4MPTKHELFL3,https://apps.apple.com/redeem?ctx=offercodes&id=6760590018&code=F6WLRMM4MPTKHELFL3
TPNHPMWTP3EWW8LN4L,https://apps.apple.com/redeem?ctx=offercodes&id=6760590018&code=TPNHPMWTP3EWW8LN4L
L73PRYY87R3PLE6JEM,https://apps.apple.com/redeem?ctx=offercodes&id=6760590018&code=L73PRYY87R3PLE6JEM
AEXK6WFP6KWLPAJH3J,https://apps.apple.com/redeem?ctx=offercodes&id=6760590018&code=AEXK6WFP6KWLPAJH3J
4347H8TYEAR7N6E77M,https://apps.apple.com/redeem?ctx=offercodes&id=6760590018&code=4347H8TYEAR7N6E77M
M7L77X6P8KRNNEPRW8,https://apps.apple.com/redeem?ctx=offercodes&id=6760590018&code=M7L77X6P8KRNNEPRW8
8WRE7EFXFTWXMHELP8,https://apps.apple.com/redeem?ctx=offercodes&id=6760590018&code=8WRE7EFXFTWXMHELP8
RK7WYFKHLRAMFKP3HH,https://apps.apple.com/redeem?ctx=offercodes&id=6760590018&code=RK7WYFKHLRAMFKP3HH
MAJ6RPP4M7FEK8KAYL,https://apps.apple.com/redeem?ctx=offercodes&id=6760590018&code=MAJ6RPP4M7FEK8KAYL
X3E6HKXE8J44WYRLEP,https://apps.apple.com/redeem?ctx=offercodes&id=6760590018&code=X3E6HKXE8J44WYRLEP
A8MK337Y3M78E3T3N7,https://apps.apple.com/redeem?ctx=offercodes&id=6760590018&code=A8MK337Y3M78E3T3N7
YNH83FHH3NNAAYWMNE,https://apps.apple.com/redeem?ctx=offercodes&id=6760590018&code=YNH83FHH3NNAAYWMNE
4JFKRPH3EMYJWAT3TF,https://apps.apple.com/redeem?ctx=offercodes&id=6760590018&code=4JFKRPH3EMYJWAT3TF
Y4LYMHNTWXFAA7MAKE,https://apps.apple.com/redeem?ctx=offercodes&id=6760590018&code=Y4LYMHNTWXFAA7MAKE
KWX3FLHL3PEPRWMK8N,https://apps.apple.com/redeem?ctx=offercodes&id=6760590018&code=KWX3FLHL3PEPRWMK8N
RLJEFEMT7PR4WNMM34,https://apps.apple.com/redeem?ctx=offercodes&id=6760590018&code=RLJEFEMT7PR4WNMM34
FJNTW7Y4PLWN7W3K38,https://apps.apple.com/redeem?ctx=offercodes&id=6760590018&code=FJNTW7Y4PLWN7W3K38
4366FAW8R7JAY8WRAL,https://apps.apple.com/redeem?ctx=offercodes&id=6760590018&code=4366FAW8R7JAY8WRAL
LJ6XWNJM3FX6JTAHMP,https://apps.apple.com/redeem?ctx=offercodes&id=6760590018&code=LJ6XWNJM3FX6JTAHMP
4WHFEEMYNPXF37AAWM,https://apps.apple.com/redeem?ctx=offercodes&id=6760590018&code=4WHFEEMYNPXF37AAWM
KWRKLL4RYNP43R7N7F,https://apps.apple.com/redeem?ctx=offercodes&id=6760590018&code=KWRKLL4RYNP43R7N7F
3T7NLJYW3R7TAYMEPJ,https://apps.apple.com/redeem?ctx=offercodes&id=6760590018&code=3T7NLJYW3R7TAYMEPJ
YFXWJF7KFJEM7PEATW,https://apps.apple.com/redeem?ctx=offercodes&id=6760590018&code=YFXWJF7KFJEM7PEATW
JX4NFRMP33LPN7E68A,https://apps.apple.com/redeem?ctx=offercodes&id=6760590018&code=JX4NFRMP33LPN7E68A
L7AHTETH6LXNK3KJKR,https://apps.apple.com/redeem?ctx=offercodes&id=6760590018&code=L7AHTETH6LXNK3KJKR
K7NMLRRKYPLT6MELNL,https://apps.apple.com/redeem?ctx=offercodes&id=6760590018&code=K7NMLRRKYPLT6MELNL
A6JKNPN6XLYKXWEXKW,https://apps.apple.com/redeem?ctx=offercodes&id=6760590018&code=A6JKNPN6XLYKXWEXKW
4AREPM6PNKKP4LHWTK,https://apps.apple.com/redeem?ctx=offercodes&id=6760590018&code=4AREPM6PNKKP4LHWTK
M7F4XXA3N6WTM743PK,https://apps.apple.com/redeem?ctx=offercodes&id=6760590018&code=M7F4XXA3N6WTM743PK
P36TATLAPR8ELM83LH,https://apps.apple.com/redeem?ctx=offercodes&id=6760590018&code=P36TATLAPR8ELM83LH
43FMMMYY44K4FEK8HX,https://apps.apple.com/redeem?ctx=offercodes&id=6760590018&code=43FMMMYY44K4FEK8HX
NYLWXJLFNTPEXYWWFW,https://apps.apple.com/redeem?ctx=offercodes&id=6760590018&code=NYLWXJLFNTPEXYWWFW
PN3YEENJNX66KKYNTX,https://apps.apple.com/redeem?ctx=offercodes&id=6760590018&code=PN3YEENJNX66KKYNTX
JXLAFJXKNF3H7HLJA6,https://apps.apple.com/redeem?ctx=offercodes&id=6760590018&code=JXLAFJXKNF3H7HLJA6
LKK8MFFWRWE87AA3KA,https://apps.apple.com/redeem?ctx=offercodes&id=6760590018&code=LKK8MFFWRWE87AA3KA
HP8WRTMP86HNT88M8M,https://apps.apple.com/redeem?ctx=offercodes&id=6760590018&code=HP8WRTMP86HNT88M8M
ERLEKWW3P74EHPHFTN,https://apps.apple.com/redeem?ctx=offercodes&id=6760590018&code=ERLEKWW3P74EHPHFTN
KAAMFFA7MPH43FMMPM,https://apps.apple.com/redeem?ctx=offercodes&id=6760590018&code=KAAMFFA7MPH43FMMPM
XMRXFX4LR743WREH7E,https://apps.apple.com/redeem?ctx=offercodes&id=6760590018&code=XMRXFX4LR743WREH7E
EYEAXK7K3NLTJ3N7JR,https://apps.apple.com/redeem?ctx=offercodes&id=6760590018&code=EYEAXK7K3NLTJ3N7JR
TNY6F4HKJ6LXA4LN4M,https://apps.apple.com/redeem?ctx=offercodes&id=6760590018&code=TNY6F4HKJ6LXA4LN4M
3P3LPWH4TTJMENRXTX,https://apps.apple.com/redeem?ctx=offercodes&id=6760590018&code=3P3LPWH4TTJMENRXTX
KK3FTY3LRPKJMW76L6,https://apps.apple.com/redeem?ctx=offercodes&id=6760590018&code=KK3FTY3LRPKJMW76L6
T3M7MRREE76F44WH66,https://apps.apple.com/redeem?ctx=offercodes&id=6760590018&code=T3M7MRREE76F44WH66
WFWENPRA3HEAPAYNYT,https://apps.apple.com/redeem?ctx=offercodes&id=6760590018&code=WFWENPRA3HEAPAYNYT
XMRE6LRJ6HAKMHH76P,https://apps.apple.com/redeem?ctx=offercodes&id=6760590018&code=XMRE6LRJ6HAKMHH76P
TLNNYMJM8WPWFT3APH,https://apps.apple.com/redeem?ctx=offercodes&id=6760590018&code=TLNNYMJM8WPWFT3APH
6E6NNMEREJ3TAJYA67,https://apps.apple.com/redeem?ctx=offercodes&id=6760590018&code=6E6NNMEREJ3TAJYA67
WJRLRR4Y3K8NFHF3RK,https://apps.apple.com/redeem?ctx=offercodes&id=6760590018&code=WJRLRR4Y3K8NFHF3RK
FNYJ7T84RM3E3YHXFL,https://apps.apple.com/redeem?ctx=offercodes&id=6760590018&code=FNYJ7T84RM3E3YHXFL
6EN6J3XKRL636YJMXT,https://apps.apple.com/redeem?ctx=offercodes&id=6760590018&code=6EN6J3XKRL636YJMXT
E36E84RMWLMWKJNMHL,https://apps.apple.com/redeem?ctx=offercodes&id=6760590018&code=E36E84RMWLMWKJNMHL
P6KX3E7RL6FJHWYRAK,https://apps.apple.com/redeem?ctx=offercodes&id=6760590018&code=P6KX3E7RL6FJHWYRAK
3MJ4W3KXXMYWEFM77K,https://apps.apple.com/redeem?ctx=offercodes&id=6760590018&code=3MJ4W3KXXMYWEFM77K
JEK6LWP3P7XYXFENWK,https://apps.apple.com/redeem?ctx=offercodes&id=6760590018&code=JEK6LWP3P7XYXFENWK
YRJXY3F44XXEYXME3A,https://apps.apple.com/redeem?ctx=offercodes&id=6760590018&code=YRJXY3F44XXEYXME3A
FM3NKYT8A46T88YAJ7,https://apps.apple.com/redeem?ctx=offercodes&id=6760590018&code=FM3NKYT8A46T88YAJ7
FYK3KLJY4TFRHRMT7Y,https://apps.apple.com/redeem?ctx=offercodes&id=6760590018&code=FYK3KLJY4TFRHRMT7Y
7648JYP36TFTJHNL4E,https://apps.apple.com/redeem?ctx=offercodes&id=6760590018&code=7648JYP36TFTJHNL4E
NFPLR6NHWY6WF3MKRA,https://apps.apple.com/redeem?ctx=offercodes&id=6760590018&code=NFPLR6NHWY6WF3MKRA
8KNLKXFHRYAEEF3W47,https://apps.apple.com/redeem?ctx=offercodes&id=6760590018&code=8KNLKXFHRYAEEF3W47
63YXENHELXTE7T7PPH,https://apps.apple.com/redeem?ctx=offercodes&id=6760590018&code=63YXENHELXTE7T7PPH
XJL4RLH6YEKKHANPM7,https://apps.apple.com/redeem?ctx=offercodes&id=6760590018&code=XJL4RLH6YEKKHANPM7
67KLFR73N86W63KHLY,https://apps.apple.com/redeem?ctx=offercodes&id=6760590018&code=67KLFR73N86W63KHLY
KY4PA8YLHEHLL8AML8,https://apps.apple.com/redeem?ctx=offercodes&id=6760590018&code=KY4PA8YLHEHLL8AML8
XRA8XMKHXYRPFKHA34,https://apps.apple.com/redeem?ctx=offercodes&id=6760590018&code=XRA8XMKHXYRPFKHA34
MJ73PJKLJTYKHFTFWE,https://apps.apple.com/redeem?ctx=offercodes&id=6760590018&code=MJ73PJKLJTYKHFTFWE
8WHJJY6FFHHWAWEH4A,https://apps.apple.com/redeem?ctx=offercodes&id=6760590018&code=8WHJJY6FFHHWAWEH4A
AAKEK73ELY4YWT7W7Y,https://apps.apple.com/redeem?ctx=offercodes&id=6760590018&code=AAKEK73ELY4YWT7W7Y
TMXXM6N8Y8KKPANKLY,https://apps.apple.com/redeem?ctx=offercodes&id=6760590018&code=TMXXM6N8Y8KKPANKLY
3LLMK6E87RXKTK73F7,https://apps.apple.com/redeem?ctx=offercodes&id=6760590018&code=3LLMK6E87RXKTK73F7
LKEWHLKFEREWAY6JMY,https://apps.apple.com/redeem?ctx=offercodes&id=6760590018&code=LKEWHLKFEREWAY6JMY
4K664WMJK43NM74EPA,https://apps.apple.com/redeem?ctx=offercodes&id=6760590018&code=4K664WMJK43NM74EPA
8PLFHNYWWFJAEJ4T6X,https://apps.apple.com/redeem?ctx=offercodes&id=6760590018&code=8PLFHNYWWFJAEJ4T6X
E6L6WXFL67P6TEEFWH,https://apps.apple.com/redeem?ctx=offercodes&id=6760590018&code=E6L6WXFL67P6TEEFWH
LTNK3KTXXNJTRX3PPY,https://apps.apple.com/redeem?ctx=offercodes&id=6760590018&code=LTNK3KTXXNJTRX3PPY
YW7WTYPL7ANKLFKKAR,https://apps.apple.com/redeem?ctx=offercodes&id=6760590018&code=YW7WTYPL7ANKLFKKAR
FKFLWW6KXMAJKXEKE3,https://apps.apple.com/redeem?ctx=offercodes&id=6760590018&code=FKFLWW6KXMAJKXEKE3
JH6NPHMFNYRJ6XNJEF,https://apps.apple.com/redeem?ctx=offercodes&id=6760590018&code=JH6NPHMFNYRJ6XNJEF
3M3E83M76FPRWLHHNP,https://apps.apple.com/redeem?ctx=offercodes&id=6760590018&code=3M3E83M76FPRWLHHNP
XLYWJ6MKEYKKAYWERN,https://apps.apple.com/redeem?ctx=offercodes&id=6760590018&code=XLYWJ6MKEYKKAYWERN
6W76JA64P6AX4RPF63,https://apps.apple.com/redeem?ctx=offercodes&id=6760590018&code=6W76JA64P6AX4RPF63
TWFWYTWTE3ANAN8TTL,https://apps.apple.com/redeem?ctx=offercodes&id=6760590018&code=TWFWYTWTE3ANAN8TTL
MHWXAYARA78KX4NNLH,https://apps.apple.com/redeem?ctx=offercodes&id=6760590018&code=MHWXAYARA78KX4NNLH
7THNRKJFAY63J6H6WP,https://apps.apple.com/redeem?ctx=offercodes&id=6760590018&code=7THNRKJFAY63J6H6WP
JFWKH8YMKLJM4FJT88,https://apps.apple.com/redeem?ctx=offercodes&id=6760590018&code=JFWKH8YMKLJM4FJT88
EN648Y7LHTR3XWKMAK,https://apps.apple.com/redeem?ctx=offercodes&id=6760590018&code=EN648Y7LHTR3XWKMAK
YH3MFR77JYYTF4TMWA,https://apps.apple.com/redeem?ctx=offercodes&id=6760590018&code=YH3MFR77JYYTF4TMWA
M7AKM3WFXMWM3ENPTR,https://apps.apple.com/redeem?ctx=offercodes&id=6760590018&code=M7AKM3WFXMWM3ENPTR
KARF688RW6AF8TJH6A,https://apps.apple.com/redeem?ctx=offercodes&id=6760590018&code=KARF688RW6AF8TJH6A
PLMEJ68WWFWX7KNYNW,https://apps.apple.com/redeem?ctx=offercodes&id=6760590018&code=PLMEJ68WWFWX7KNYNW
NMXPPMXR88L86M8KHK,https://apps.apple.com/redeem?ctx=offercodes&id=6760590018&code=NMXPPMXR88L86M8KHK
34NY8FYYTR78NKKN8J,https://apps.apple.com/redeem?ctx=offercodes&id=6760590018&code=34NY8FYYTR78NKKN8J
WF848X3E4YAR3EK7T6,https://apps.apple.com/redeem?ctx=offercodes&id=6760590018&code=WF848X3E4YAR3EK7T6
EYM6MEA78NLANTYXX8,https://apps.apple.com/redeem?ctx=offercodes&id=6760590018&code=EYM6MEA78NLANTYXX8
PRXALYFJJ3KNWRFWHF,https://apps.apple.com/redeem?ctx=offercodes&id=6760590018&code=PRXALYFJJ3KNWRFWHF
36RJRWNEW6EW6T6N7W,https://apps.apple.com/redeem?ctx=offercodes&id=6760590018&code=36RJRWNEW6EW6T6N7W
JTRLYWXLK76JMFN874,https://apps.apple.com/redeem?ctx=offercodes&id=6760590018&code=JTRLYWXLK76JMFN874
W6N8E7KN44F66KNNW4,https://apps.apple.com/redeem?ctx=offercodes&id=6760590018&code=W6N8E7KN44F66KNNW4
YTRFMY6AMXEJR6MRK6,https://apps.apple.com/redeem?ctx=offercodes&id=6760590018&code=YTRFMY6AMXEJR6MRK6
773E84PEMNRKMNRW6H,https://apps.apple.com/redeem?ctx=offercodes&id=6760590018&code=773E84PEMNRKMNRW6H
